    <!--
  ~ Copyright 2018. AppDynamics LLC and its affiliates.
  ~ All Rights Reserved.
  ~ This is unpublished proprietary source code of AppDynamics LLC and its affiliates.
  ~ The copyright notice above does not evidence any actual or intended publication of such source code.
  ~
  -->

<monitor>
        <name>SiteMinderMonitor</name>
        <type>managed</type>
        <description>CA SiteMinder monitor</description>
        <monitor-configuration></monitor-configuration>
        <monitor-run-task>
                <execution-style>periodic</execution-style>
                <execution-frequency-in-seconds>60</execution-frequency-in-seconds>
                <name>SiteMinder Monitor Run Task</name>
                <display-name>SiteMinder Monitor Task</display-name>
                <description>SiteMinder Monitor Task</description>
                <type>java</type>
                <execution-timeout-in-secs>60</execution-timeout-in-secs>
                <task-arguments>
                    <!-- config file-->
                    <argument name="config-file" is-required="true" default-value="monitors/SiteMinderMonitor/config.yml" />
                </task-arguments>
                <java-task>
                        <classpath>siteminder-monitoring-extension.jar</classpath>
                        <impl-class>com.appdynamics.extensions.siteminder.SiteMinderMonitor</impl-class>
                </java-task>
        </monitor-run-task>
</monitor>
